{"mtx": [[845.7072904099531, 0.0, 367.3072465751402], [0.0, 859.8996198268488, 251.27899658432165], [0.0, 0.0, 1.0]], "dist": [[0.26379446564534587, 8.067218811279846, 0.026403667011186665, 0.049991383921268874, -82.74156568823334]]}